one,peopl,presid,republican,said,say,state,trump,would,year,FakeClassifierLabel
0.0,0.19316007634110927,0.0,0.0,0.13766779124044348,0.2850381910927316,0.1793263973394686,0.8941201092407302,0.17573066678883859,0.0,0
0.0,0.0,0.09112136784061746,0.7442745307187817,0.2221089482421273,0.10219372989942778,0.09643988412548427,0.5770182706534278,0.18901227475537594,0.0,0
0.0,0.0,0.0,0.0,0.0,0.0,0.0,0.6822218433138653,0.0,0.7311452362598228,0
0.0,0.0,0.0,0.0,0.0,0.7282448824409994,0.0,0.68531700051764,0.0,0.0,0
1.0,0.0,0.0,0.0,0.0,0.0,0.0,0.0,0.0,0.0,0
0.19772845219697843,0.0,0.5410242410560272,0.0,0.6593751169573919,0.30338265584550017,0.28630120658298364,0.09516638186146506,0.09352016338497239,0.20398187900906004,1
0.0,0.0,0.5629427561101149,0.0,0.4573922540277746,0.42089812982455255,0.198600084901785,0.198043714971259,0.19461789152014228,0.4244915937287501,1
0.23724539893605115,0.0,0.0,0.0,0.0,0.24267672293866024,0.0,0.9134865915010234,0.2244212021518217,0.0,0
0.0,0.12949896002142305,0.11359433839931414,0.0,0.5076261033066944,0.1273974415835003,0.7213472597362188,0.41960708719906037,0.0,0.0,1
0.0,0.0,0.0,0.0,0.0,0.0,0.0,0.0,0.0,0.0,0
0.0,0.0,0.14744600412813613,0.0,0.059900104800677964,0.1653624992436083,0.15605204234593026,0.9336892139897313,0.1529229932796667,0.16677429970085314,0
0.0,0.2891104476411179,0.0,0.3452358351000284,0.0,0.8532562275043558,0.0,0.0,0.2630231500316536,0.0,0
0.0,0.0,0.4063982086878097,0.2766199293901566,0.49529918633913644,0.0,0.21505930542663787,0.6433704770100106,0.0,0.22983592215456058,0
0.12524006908497326,0.0,0.22845443696017734,0.0,0.9280987163410819,0.0,0.12089436292774464,0.0,0.2369405433165255,0.0,1
0.1656491706615372,0.17223648869620464,0.15108298922577956,0.0,0.8592868771474392,0.1694414225688916,0.1599013087660344,0.0,0.31339015367235784,0.1708880472809829,1
0.0,0.6846856799445779,0.0,0.0,0.3253231448838152,0.4490497009879128,0.0,0.0,0.4152696332029175,0.22644175600784333,0
0.07049561869843292,0.0,0.25718664953758286,0.875286250213621,0.15672354790213724,0.0,0.0,0.33929426413210056,0.13337001742236682,0.07272513694532584,1
0.3701834937683434,0.7698089267253704,0.0,0.0,0.0,0.37865820604554823,0.0,0.3563374247391979,0.0,0.0,0
0.0,0.7617328400142048,0.0,0.0,0.5428972673156248,0.0,0.35358964575496377,0.0,0.0,0.0,1
0.0,0.0,0.0,0.0,0.0,0.0,0.0,0.0,1.0,0.0,1
0.11778190356874445,0.0,0.0,0.29248024947116424,0.3491318211783918,0.0,0.7958649184942213,0.0,0.11141525403302951,0.36452074149574837,1
0.7324792753175092,0.25386918211864395,0.0,0.0,0.18093598961191473,0.499498749541472,0.0,0.0,0.23096180896130514,0.2518816374246676,0
0.1405919019150107,0.1949103673203418,0.0,0.0,0.034728811806159283,0.09587367392990655,0.40714050716348205,0.8571109419226757,0.17732302379490986,0.0,0
0.0,0.21673684174025415,0.0,0.0,0.15447126988145712,0.8528784827315545,0.0,0.0,0.3943600607142224,0.21504000655846867,0
0.0,0.0,0.0,0.0,0.30936509564088593,0.0,0.40297972070290844,0.0,0.0,0.8613365093279812,0
0.0,0.3984987851528176,0.0,0.47585987293464194,0.0,0.7840638364076964,0.0,0.0,0.0,0.0,0
0.3202367501497463,0.0,0.0,0.26507446315515837,0.1582088538227418,0.10918933930771339,0.1030416175330638,0.8220236055986564,0.3029264919956169,0.11012155525671039,0
0.07418084427389371,0.0,0.3382891580873524,0.7368341377348075,0.21988856074803606,0.15175817338454672,0.07160684256609556,0.4998436726910448,0.070171031022067,0.07652691270952325,0
0.0,0.6254433938361071,0.0,0.0,0.22288097055648848,0.615293653453589,0.29032529050758454,0.0,0.0,0.31027339522103914,0
0.0,0.44583440523026246,0.26071902708410577,0.0,0.741421783299588,0.0,0.13796825792430822,0.0,0.4056054376897403,0.0,0
0.7033150971524016,0.3656418027835225,0.0,0.0,0.0,0.3597081413078028,0.0,0.0,0.3326488528382636,0.36277918898001366,0
0.0,0.08202058698149474,0.07194709758089925,0.0,0.11691435683683175,0.0,0.0,0.9871308280194301,0.0,0.0,0
0.0,0.0,0.21642259745478712,0.0,0.17584384663975988,0.16181372889479684,0.7635153976611099,0.5329635085792638,0.14964118158303227,0.08159761566816226,1
0.33225461488802727,0.0,0.1515190815651909,0.0,0.49243837667760804,0.33986101093579807,0.4810885640294331,0.15991360476624014,0.47144210442892776,0.1713813057788329,1
0.0,0.0,0.1411471936923349,0.19214714001254699,0.0,0.0,0.07469279339690946,0.9682860800984096,0.0,0.0,0
0.0,0.0,0.0,0.0,0.0,0.0,1.0,0.0,0.0,0.0,1
0.0,0.6243535937235289,0.0,0.0,0.6674778388146022,0.0,0.28981941493611374,0.0,0.28400815379490674,0.0,1
0.11078506734584882,0.11519062198391143,0.13472440233654648,0.04585090911423647,0.43785551826306246,0.07554753352322796,0.7485865478657308,0.03554711493275687,0.13972883832928085,0.4190589087793155,0
0.42031776881531374,0.43703241222554595,0.0,0.0,0.0,0.0,0.0,0.0,0.7951953495100665,0.0,0
0.0,0.0,0.0,0.41741034577661174,0.0,0.0,0.6490347910833153,0.0,0.6360207883411412,0.0,1
0.2576170673373792,0.2678616435518721,0.23496378794697798,0.3198619730190085,0.7636344222747256,0.0,0.24867801066075243,0.0,0.24369168888398654,0.0,0
0.061793885468086104,0.0,0.1690803200844822,0.3068975876578463,0.5495125596752616,0.0,0.17894909682840376,0.7137911133154827,0.11690728776677277,0.12749639952164124,1
0.0,0.48250835771737355,0.28216554870647803,0.19205944438470654,0.0,0.0,0.14931740746612585,0.44669730275935526,0.1463233967028892,0.6383077257805467,0
1.0,0.0,0.0,0.0,0.0,0.0,0.0,0.0,0.0,0.0,0
0.7264686021797943,0.0,0.0,0.0,0.0,0.0,0.0,0.0,0.6871996580666611,0.0,0
0.0,0.0,0.0,0.511500747453036,0.10176253371824884,0.2809295069016495,0.0,0.7931086300864024,0.0,0.1416639866751395,0
0.14105910970490967,0.146668562584163,0.1286552287985186,0.0,0.0,0.1442884146008645,0.0,0.9504812752076561,0.13343422092233911,0.0,0
0.29730790681407376,0.618261712108463,0.0,0.0,0.6609651895472397,0.3041142582867951,0.0,0.0,0.0,0.0,0
0.4384938000742724,0.0,0.19996765998773294,0.1361104424272054,0.0,0.11213308973341525,0.10581962505102427,0.8441854059562768,0.0,0.11309043827423947,0
0.40269121462283985,0.20935245422134868,0.0,0.499988637235734,0.0,0.41191013507157903,0.0,0.5814438763452777,0.19046195813895345,0.0,0
0.0,0.0,0.0,0.9573318440522057,0.24487734821924922,0.11266961453135912,0.0,0.0,0.10419396649550607,0.0,1
0.0,0.0,0.3598147281004694,0.24491231150368944,0.4385254123939889,0.0,0.0,0.7594986667573539,0.0,0.20349093098806387,0
0.0,0.0,0.0,0.0,0.5654208228255783,0.2341383225403559,0.07365185293118987,0.0,0.7217503623479544,0.31484973883367456,1
0.18568854683515057,0.19307276438669907,0.33872044887164393,0.0,0.0,0.0,0.17924533846578397,0.7149727602301849,0.35130246650475216,0.38312239106754786,0
0.0,0.0,0.7761131467822169,0.0,0.6305936753503043,0.0,0.0,0.0,0.0,0.0,1
0.0,0.0,0.0,0.0,0.0,1.0,0.0,0.0,0.0,0.0,0
0.0,0.0,0.0,0.2689680310745389,0.48159815251257615,0.0,0.0,0.8340979665221341,0.0,0.0,1
0.1625707120747215,0.0,0.0,0.20185071298566307,0.8433177113802436,0.0,0.4707890089149128,0.0,0.0,0.0,1
0.0,0.0,0.0,0.0,0.5520493993242365,0.7620042459187419,0.23970029358895784,0.23902878312229767,0.0,0.0,0
0.0,0.21599444761128003,0.0,0.0,0.6157686222971565,0.0,0.4010508472471129,0.0,0.0,0.6429102739245444,1
0.10197316216056808,0.0,0.0,0.0,0.0755677967873459,0.0,0.0,0.9815903358335213,0.09646104726130397,0.10519819982855315,0
0.20615875456648414,0.04287140087536659,0.22563648779341897,0.5119408172162604,0.0,0.04217568069827594,0.796021001182369,0.0,0.0,0.0850715203874573,0
0.31953172183621104,0.2214922923201015,0.0,0.0,0.4735816309159558,0.43579579893734544,0.0,0.0,0.0,0.6592746799860566,1
0.5275810511429246,0.27428059974166025,0.0,0.6550540990555437,0.39096696441408824,0.0,0.0,0.2539239002686531,0.0,0.0,0
0.4361446326022641,0.0,0.0,0.0,0.0,0.0,0.0,0.0,0.0,0.8998765801220943,0
0.0,0.0,0.4508349072793529,0.0,0.7326087499900982,0.0,0.0,0.0,0.0,0.5099336288345407,1
0.0,0.0,0.524096374578938,0.0,0.8516589635254324,0.0,0.0,0.0,0.0,0.0,1
0.0,0.0,0.0,0.0,0.9172650874235612,0.0,0.39827723936203885,0.0,0.0,0.0,1
0.0,0.0,0.0,0.0,0.0,0.0,0.0,0.0,0.0,0.0,0
0.310421724675814,0.21517744463458674,0.0,0.0,0.6901193994085122,0.0,0.09988346625751755,0.0,0.29364201345192814,0.5337320449758829,1
0.0,0.0,0.0,0.0,1.0,0.0,0.0,0.0,0.0,0.0,1
0.0,0.0,0.0,0.769151288899738,0.0,0.0,0.0,0.0,0.0,0.6390667373474166,1
0.27517017522502124,0.0,0.3346311762604427,0.34165622671340273,0.4078328737241726,0.0,0.2656220431176386,0.618048465862131,0.26029597116432307,0.09462426670852493,1
0.0,0.2729140000922731,0.0,0.0,0.6483649606928167,0.17899008804561312,0.42228088180451595,0.5053174552383314,0.08276271874375482,0.1805182355355275,1
0.38304559387133214,0.3982780465213013,0.0,0.0,0.2838581346764406,0.7836295234694431,0.0,0.0,0.0,0.0,0
0.4263671480390875,0.5910964735924973,0.0,0.5293851009633095,0.10532060696873884,0.29075205875111126,0.0,0.2736130848317819,0.13444001913923678,0.0,0
0.09773278130856523,0.0,0.17827750886380933,0.0,0.6518289440885148,0.2999106140478156,0.09434155074953747,0.4703862839693085,0.46224939175367036,0.0,1
0.0,0.0,0.0,0.0,0.0,0.0,0.0,0.0,0.0,0.0,0
0.1054180724641033,0.0,0.0,0.261777940403845,0.0,0.2156628746338259,0.0,0.9132758371366628,0.19943948887538915,0.0,0
0.0,0.0,0.167835640304078,0.34271816640114827,0.3409170870024529,0.0,0.0,0.6199694909848482,0.5222100519998715,0.2847551367234606,1
0.12967530738335267,0.0,0.5913622443748766,0.483021564916331,0.2882898912534974,0.0,0.12517570285699295,0.0,0.12266576508075228,0.5351058498102769,1
0.5049055482623755,0.0,0.0,0.0,0.0,0.0,0.4873858266115195,0.4860204353599231,0.0,0.5208738616638645,0
0.0,0.0,0.0,0.0,0.0,0.0,0.0,0.0,0.0,0.0,0
0.07331040978216047,0.07622572159783875,0.06686393784540336,0.09102352013441883,0.0,0.0,0.0,0.987957061709974,0.0,0.0,0
0.1384017633862474,0.14390554241721418,0.0,0.0,0.6153805241881504,0.0,0.267198718986724,0.0,0.6546025815119358,0.28555780860075425,1
0.15591921746299325,0.05403986917821112,0.4266258869509052,0.0,0.5777241526516878,0.05316290629416822,0.4515269258736629,0.5002911020562025,0.0,0.0,1
0.14112902168509864,0.0,0.0,0.7885274646921533,0.0,0.14435992709519527,0.0,0.47547617725887525,0.3337508846021662,0.0,0
0.0,0.1776351302847938,0.05193952934149436,0.3535327821791431,0.46421082703124744,0.0582508182044879,0.0,0.6578052570853278,0.43095088773166595,0.058748140947867775,1
0.3396893953173424,0.1765988578848376,0.0,0.0,0.7551863250765254,0.17373299891655175,0.1639512551383933,0.0,0.32132763289496674,0.35043252686393983,1
0.0,0.13309335803939962,0.3502418540502771,0.3178618896957794,0.0,0.0,0.0,0.86250756428029,0.12108394755511728,0.0,0
0.3013159136944472,0.626596496146184,0.0,0.0,0.0,0.3082140215682183,0.0,0.0,0.5700568262401551,0.31084543255057323,0
0.5831004485449979,0.0,0.0,0.0,0.0,0.5964495270785218,0.0,0.0,0.5515812075791103,0.0,0
0.10324421510477379,0.053674947531659654,0.0,0.0,0.8416068964933842,0.0,0.14949261489066337,0.0,0.3418218789713187,0.3727830803286491,1
0.0,0.1331974564154274,0.17525789707668987,0.2385828779656995,0.0,0.0,0.0,0.9248380400598579,0.0,0.19823197803725132,0
0.0,0.7778553967722154,0.34116092187944363,0.0,0.0,0.0,0.0,0.3600620612239041,0.0,0.385882779042938,0
0.0,0.0,0.0,0.0,0.0,0.0,0.0,0.0,0.0,0.0,0
0.11987537365420024,0.0,0.10933426176481992,0.0,0.08883433331059995,0.06130985673465077,0.0,0.9808289742294757,0.0,0.0,0
0.0,0.23090040634937434,0.20254200412922935,0.0,0.6582633335162761,0.0,0.0,0.0,0.0,0.6872780533809071,1
0.2698146282558197,0.0,0.7382663084445552,0.0,0.0,0.5519831371202651,0.0,0.0,0.0,0.2783478768190862,1
0.0,0.0,0.832319982134278,0.0,0.33813092767312214,0.0,0.0,0.43921626004840586,0.0,0.0,1
0.4543857253157452,0.7086827075214032,0.0,0.0,0.0,0.3485910767845511,0.0,0.0,0.2149120513470395,0.35156721130021834,0
0.2830670691829988,0.2943237075495112,0.1290879356436107,0.0,0.41953695086023346,0.4343211018796031,0.13662246134455555,0.2724794383302887,0.13388300097816608,0.5840388878380958,1
0.0,0.4688413788972274,0.4112598760734624,0.0,0.0,0.46123298727732054,0.0,0.0,0.4265364235325355,0.46517081444680014,0
0.12614711839334636,0.0,0.4602180295372986,0.0,0.18696409145471882,0.0,0.12176993852492365,0.8500016355207848,0.0,0.0,1
0.14162994356297062,0.0,0.12917586699599773,0.08792513953917187,0.5247784106820823,0.14487231671503786,0.6835776251017794,0.2726650442538057,0.33493549651161025,0.07305458999684455,1
0.0,0.0,0.0,0.0,0.6963748912884224,0.6408129714026044,0.0,0.0,0.0,0.3231419911822089,1
0.0,0.0,0.0,0.40852203203313064,0.7314752429939,0.0,0.3176071393489775,0.3167173760734908,0.31123869771964263,0.0,1
0.0,0.300886106547162,0.13196614938496873,0.0,0.3216683785380305,0.29600330516776063,0.5586746756231086,0.0,0.5474725122561697,0.29853046582083104,0
0.0,0.0,0.33467656928486583,0.0,0.0,0.3753438708798574,0.70842153330714,0.3532184598288671,0.3471083740671217,0.0,1
0.29119517849584753,0.3027750448076038,0.0,0.0,0.0,0.14893079480112154,0.8432729840160296,0.0,0.0,0.3004046155622984,1
0.2535215676094191,0.0,0.07707614052572757,0.10492564235818733,0.5636208360044219,0.0,0.0,0.7321171043972972,0.23981756961135514,0.08717984211123059,1
0.0,0.0,0.23765452658488626,0.0,0.0,0.26653246186638535,0.2515258006863118,0.7524634846506542,0.49296475393445904,0.0,0
0.0,0.0,0.0,0.0,0.4645024357667113,0.0,0.6050619946096836,0.0,0.0,0.646635499988783,1
0.170394677475004,0.08858535428705121,0.1554112050080053,0.10578254440284175,0.06313597660530132,0.0,0.49344645360206263,0.8201068062573551,0.0,0.08789181854786504,0
0.0,0.0,0.45831164482009296,0.0,0.7447584820877762,0.0,0.4850620986849132,0.0,0.0,0.0,1
0.12368179086541148,0.0,0.0,0.0,0.1833102012409019,0.1265132720339633,0.11939015541656636,0.9524455106405755,0.1169962254896569,0.0,0
0.09606587674490866,0.0,0.4380921366298803,0.1192771161981506,0.07119016904297433,0.2947954176464467,0.0,0.8322542990372842,0.0,0.0,0
0.0,0.05114275404023126,0.0,0.0,0.036450130482649154,0.0,0.6647203919199268,0.0,0.7444478539580843,0.0,1
0.18097421058182392,0.0,0.0,0.0,0.6705598845441074,0.0,0.698778340015023,0.0,0.17119172839342345,0.0,1
0.0,0.0,0.0,0.0,0.4645024357667113,0.0,0.6050619946096836,0.0,0.0,0.646635499988783,0
0.13347757199851898,0.0,0.1217403654458376,0.0,0.8902288838030676,0.13653331067187868,0.1288460326619163,0.0,0.252524999873977,0.27539795754534374,1
0.0,0.0,0.0,0.0,0.40187101077224785,0.0,0.26173907457805823,0.0,0.25649086126023674,0.8391691043108628,0
0.16080080387350468,0.0,0.14666095835008242,0.0,0.11916235814302978,0.6579282431596118,0.6208847019835771,0.0,0.3042175728094808,0.16588634440737335,1
0.19819214883489436,0.0,0.18076433565875466,0.0,0.6609214296982309,0.10136470803462808,0.0,0.0,0.46869739621977696,0.5111506016836512,1
0.0,0.0,0.22053003542549185,0.1501064756775788,0.17918114921858982,0.0,0.7002053930914496,0.581869830516099,0.22872178411854163,0.1247193589224996,1
0.0,0.12932351608300735,0.2268808837768588,0.0,0.0,0.0,0.12006166424103286,0.9578025316025391,0.0,0.0,0
0.22426278952959933,0.0,0.40908496527850113,0.0,0.8309561333133458,0.0,0.21648109320496053,0.0,0.21214036204647235,0.0,1
0.0,0.0,0.0,0.0,1.0,0.0,0.0,0.0,0.0,0.0,1
0.0,0.0,0.0,0.0,1.0,0.0,0.0,0.0,0.0,0.0,1
0.3756074317668492,0.7810881867667907,0.3425787967432918,0.0,0.0,0.0,0.36257422649272436,0.0,0.0,0.0,1
0.43622923322629914,0.0,0.13262329512485796,0.0,0.5387836261799588,0.4462159487355866,0.0,0.0,0.5501987358431449,0.0,1
0.0,0.5119801595263054,0.0,0.0,0.2736713729463196,0.7555075630071486,0.11882833044004003,0.0,0.1164456658441815,0.25398593053756435,0
0.45264804665361397,0.23532417898460614,0.0,0.5620159362198338,0.33543743158468325,0.0,0.0,0.21785876730461937,0.21409017674787356,0.4669636466592227,0
0.0,0.9419762304771712,0.0,0.0,0.3356795811723129,0.0,0.0,0.0,0.0,0.0,0
0.0,0.0,0.23049804811315633,0.0,0.0,0.0,0.0,0.9730727875220974,0.0,0.0,1
0.1153513307859986,0.11993847057411185,0.0,0.0,0.08548176539098215,0.5899605022330694,0.0,0.0,0.32734819441262286,0.7139968256004947,1
0.0,0.3938391061084815,0.6909382544349273,0.0,0.4210416629753073,0.19372392838310415,0.0,0.0,0.0,0.3907557352987845,1
0.0,0.0,0.0,0.0,0.0,0.0,0.0,1.0,0.0,0.0,0
0.0,0.0,0.0,0.0,0.46791531234942574,0.0,0.0,0.0,0.5972861850907354,0.651386577670046,1
0.0,0.0,0.0,0.0,0.6166955721236625,0.0,0.0,0.0,0.7872017348323543,0.0,1
0.0,0.0,0.5997276311462678,0.0,0.4872800476343148,0.0,0.6347321668366794,0.0,0.0,0.0,1
0.0,0.0,0.2925399055575505,0.0,0.2376893304758454,0.0,0.0,0.926241969376428,0.0,0.0,1
0.1726151808702201,0.17947951402361154,0.15743645082840674,0.21432210566186513,0.7675048199371687,0.35313381512060754,0.0,0.0,0.16328454239481707,0.3561487337625992,1
0.1139061390600351,0.23687161673423848,0.20777985077293634,0.0,0.928518775493383,0.11651382355000094,0.0,0.10964567825932835,0.0,0.0,0
0.25482346505153913,0.441594914949853,0.07747194602324455,0.10546446209919405,0.3147306509488028,0.6950858894507002,0.0819937812009786,0.0,0.32139879140514727,0.17525506534935528,0
0.10552449641354313,0.3291625667871348,0.2887359403798998,0.3930633242610753,0.6255962672617165,0.0,0.30558870320961123,0.20315507272419758,0.09982041568686585,0.32658554933423395,0
0.08664794659629971,0.22523412002128684,0.03951432636144292,0.3227509354421959,0.19263287364139242,0.04431580090415566,0.16728269761093176,0.8757738257450806,0.0,0.04469415191037437,1
0.32609782736180615,0.3390656562417673,0.0,0.0,0.30207083203016727,0.6671265487674312,0.0,0.0,0.46270612684480406,0.16820555369484091,0
0.0,0.0,0.6877972336774767,0.0,0.0,0.0,0.0,0.7259028621968716,0.0,0.0,1
0.6741682013816688,0.0,0.30744297329995657,0.0,0.0,0.34480105948198686,0.32538761678932726,0.3244760568278266,0.0,0.34774483630963415,0
0.14830256536186262,0.0,0.13526173898270114,0.0,0.10990046679792877,0.151697696675307,0.28631322692433375,0.0,0.0,0.9179569942996486,1
0.0,0.13121389350857515,0.28774662397749934,0.31337323484339225,0.280553734108354,0.0,0.24363331439385721,0.7288523571958432,0.35812221813634976,0.06509330922719092,1
0.0,0.0,0.0,0.0,0.0,0.0,0.0,0.0,0.0,0.0,0
0.16402775052250848,0.0,0.44881244076174304,0.10182989903244391,0.0,0.0,0.0,0.8684091796362515,0.0,0.08460767378050082,0
0.0,0.08520233037094135,0.5231664905166828,0.3052283089533393,0.0607248498390125,0.0,0.0,0.7887873972911411,0.0,0.0,0
0.0,0.0,0.0,0.0,0.0,0.0,0.0,0.0,0.0,0.0,0
0.0,0.0,0.0,0.7781219922178283,0.46441964668242086,0.0,0.0,0.3016296996441081,0.29641201273723483,0.0,0
0.5522776685319633,0.4306799395677202,0.12592843162333367,0.17142946557925914,0.5115856680027377,0.14123027817671877,0.0,0.0,0.0,0.42730814145679463,0
0.1881208007019808,0.29340261138250673,0.6005251023735204,0.233574161449669,0.27881599702744553,0.19242750180061044,0.0,0.0,0.44488003173753465,0.38814074536578347,0
0.0,0.1566902449619706,0.06872304112379359,0.09355436306927226,0.2233505012158419,0.38536866099049544,0.0,0.8703655637096299,0.0,0.07773175763226083,0
0.0,0.0,0.0,0.0,0.0,0.0,0.0,0.0,1.0,0.0,1
0.0,0.0,0.0,0.0,0.6818028015966874,0.3137017751985807,0.0,0.0,0.5802066935362473,0.3163800384788873,0
0.0,0.0,0.0,0.5214291540139029,0.3112133391665652,0.0,0.0,0.0,0.7945173974615922,0.0,1
0.10608712527895327,0.0,0.1935169363239755,0.790318069086655,0.07861647275594288,0.0,0.5120300363589355,0.10211912107443513,0.0,0.21888454506802765,1
0.3316117724276994,0.3447988726123684,0.0,0.0,0.12287140312295863,0.0,0.0,0.0,0.1568433211975178,0.855248595861418,1
0.0,0.0,0.10369634281675952,0.28232875455437423,0.3370140459973654,0.11629671832747349,0.877990620419731,0.0,0.10754821895283455,0.0,1
0.5757665862983088,0.3991086090222415,0.3500914477139588,0.0,0.0,0.1963159229038276,0.5557880569228145,0.0,0.0,0.19799199160735972,0
0.0,0.36781087646227334,0.32263759616982196,0.0,0.0,0.0,0.0,0.34051249851611853,0.3346222045323677,0.7298625619128726,1
0.08460325794393438,0.263902946612929,0.23149128469576857,0.10504492303044105,0.18808718887586443,0.0,0.08166760882097593,0.8958270242883611,0.08003006565727432,0.0872789491544689,0
0.0,0.0,0.275799451498007,0.2503017095656178,0.29878356525856525,0.0,0.09729904841808791,0.8732382223942345,0.0,0.0,0
0.0,0.0,0.0,0.0,1.0,0.0,0.0,0.0,0.0,0.0,0
0.0,0.0,0.5680108681434629,0.2577490465915355,0.46151010644072027,0.0,0.0,0.5994800425987404,0.1963700151014698,0.0,1
0.08829832420869341,0.0,0.24160171847163936,0.0,0.6543397967750691,0.361279047872569,0.42617229975954385,0.08499567913474387,0.3341015868931162,0.27327263049878403,1
0.4741820769099066,0.6573849669030237,0.0,0.0,0.5856589137265119,0.0,0.0,0.0,0.0,0.0,0
0.0,0.0,0.2335955643300018,0.0,0.28469538120912447,0.0,0.24722992740425728,0.8628806304287133,0.242272641604807,0.0,1
0.04365269069640856,0.1361658402091233,0.11944241504783723,0.8671994238925678,0.129396307415586,0.044652043719991465,0.0,0.12605981342400827,0.41293063499580435,0.09006653087218978,1
0.1939635448994824,0.04033536633493395,0.24767059723931126,0.0,0.4024658333307871,0.19840400554389584,0.18723320230620524,0.7841764401556014,0.18347892989783104,0.12005874088906425,1
0.29468406685234977,0.4596040120213364,0.0,0.09147125616993379,0.27297164774225835,0.07535758750925392,0.0,0.7800702866799573,0.06968876196817014,0.0,0
0.0976693191600667,0.0,0.08908087275909243,0.0,0.0,0.0,0.9899430520836826,0.0,0.0,0.050379121017846216,0
0.09012162708822588,0.23426366312724559,0.2876890760153734,0.11189662917158999,0.0,0.0,0.21748624007566292,0.8675078454476183,0.08525014175920638,0.18594368821030036,0
0.0,0.0,0.3293338426383275,0.44833024530570836,0.5351689740280022,0.0,0.5809269983412771,0.23171982214510098,0.11385572931674853,0.0,1
0.14260069732983802,0.0,0.0,0.0,0.42270025913630005,0.14586529421420208,0.5506103783780608,0.0,0.6744623934957015,0.14711063514706008,1
0.0,0.34517306662461655,0.0,0.0,0.8200316645486183,0.1131905244238579,0.42727009065164867,0.0,0.0,0.11415690092922245,1
0.25792809019602153,0.0,0.0,0.16012407229036413,0.5734172725267755,0.1319164543618178,0.6224456033368481,0.0,0.12199294976868502,0.39912811663788555,1
0.0,0.0,0.4511334105159024,0.0,0.0,0.1686505481477175,0.0,0.8729000342942668,0.07798184823939876,0.0,0
0.0,0.0,0.7260001291203599,0.49416089973169836,0.2949383679589108,0.0,0.0,0.0,0.3764839661915408,0.0,1
0.0,0.7073177917327514,0.0,0.0,0.6721532381322776,0.0,0.2188871078126752,0.0,0.0,0.0,1
0.6207141378065684,0.0,0.0,0.0,0.45998377254341355,0.6349243168471168,0.0,0.0,0.0,0.0,0
0.2839147148170333,0.0,0.1294744900576252,0.0,0.10519831404486531,0.5808289045422844,0.0,0.0,0.13428391423726796,0.7322347437004928,0
0.0,0.0,0.1363475170996301,0.0,0.8862613116576499,0.0,0.14430576561236033,0.0,0.2828244897434583,0.30844188439965636,1
0.0,0.0,0.5143840879534719,0.0,0.5572509694136369,0.19229601791765055,0.18146911463179805,0.1809607364065307,0.5334912593285116,0.19393776624187345,1
0.0,0.0,0.0,0.0,0.0,0.0,0.0,1.0,0.0,0.0,0
0.21173483557858322,0.1100774138170532,0.19311616082765626,0.0,0.6276292580830304,0.0,0.0,0.6114457881652469,0.30043440179068914,0.21843123300215558,1
0.3672294145635493,0.7636658204540588,0.0,0.4559586300199642,0.27213746427101776,0.0,0.0,0.0,0.0,0.0,0
0.20996698265901223,0.21831667306815095,0.19150376215078005,0.0,0.9335834218406095,0.0,0.0,0.0,0.0,0.0,1
0.0,0.19206173509016444,0.3369467326344915,0.8027142538765203,0.0,0.0,0.0,0.4445179946412,0.08736571607171391,0.0,1
0.1664725461640898,0.0,0.15183396209020217,0.0,0.0,0.0,0.0,0.961475582598683,0.15747394513429508,0.0,0
0.153205155198854,0.0,0.41919967458581814,0.1902222695300378,0.6812013547217997,0.15671252284638962,0.0,0.29494956625209373,0.4347711516401328,0.0,0
0.0,0.0,0.26260568519256616,0.7149831327256077,0.42673541836016127,0.29451549179511766,0.0,0.2771546746287777,0.2723603645237199,0.0,1
0.2405318580535746,0.0,0.21938094814260942,0.0,0.5347425396592408,0.0,0.23218564119031293,0.0,0.0,0.7444169995084565,1
0.0,0.0,0.0,0.5409631584660227,0.0,0.0,0.6308610593111679,0.2795972124997359,0.48083113853995907,0.0,0
0.09078243241159326,0.09439254860998798,0.24839873094122608,0.0,0.6054735808020003,0.0,0.6134266044510831,0.17477374719117633,0.0858752275384185,0.374614193123447,1
0.0,0.3570367283560358,0.0,0.2131743665458727,0.5725460048990714,0.0,0.4971998724588309,0.08263449792722792,0.48723035989574054,0.08856037094435111,1
0.0,0.0,0.0,0.0,0.0,0.0,0.0,0.0,0.0,0.0,0
0.0,0.0,0.0,0.0,0.0,0.0,1.0,0.0,0.0,0.0,1
0.0,0.0,0.6864296839893502,0.0,0.0,0.0,0.20756994059682907,0.2069884419862607,0.0,0.6654959005005291,0
0.4450010158141374,0.0,0.0,0.5525212455251025,0.3297705555139558,0.0,0.0,0.0,0.4209466795801153,0.45907476823962773,1
0.0,0.0,0.0,0.0,0.0,0.0,0.0,0.0,0.0,0.0,0
0.3746620589467851,0.0,0.0,0.1162967836610164,0.13882273401426087,0.0,0.9041541429292315,0.0,0.0,0.09662781194134121,0
0.0,0.0,0.0,0.2722355983745795,0.48744886409574556,0.0,0.0,0.0,0.8296272559827105,0.0,1
0.09844580509826546,0.0,0.26936723772752297,0.1222320779427917,0.21886148580501003,0.0,0.0,0.8528725005318841,0.18624871989961642,0.3046778561412937,0
0.11314597742686068,0.0,0.1031966077478945,0.0,0.5869323294324034,0.0,0.5460996212632446,0.21782789829693258,0.5351496043053589,0.0,1
0.1784725834433707,0.0,0.16277878901408074,0.0,0.13225813176730597,0.09127920262872663,0.08613988092267769,0.9448841996668856,0.08441266281058363,0.0920585088232849,0
0.0,0.4630827551050885,0.4062085068605332,0.0,0.6600906487971688,0.0,0.42991783662573196,0.0,0.0,0.0,0
0.14668959563094564,0.45756886277499476,0.0,0.0,0.6522309979562659,0.0,0.5663984487232905,0.0,0.0,0.15132885032686633,1
0.0,0.1479864082998446,0.25962244237530047,0.0,0.5273595442224975,0.0,0.2747759263539994,0.0,0.1346331534902295,0.734139105189618,1
0.0,0.64971668302741,0.0,0.0,0.34729638124014894,0.6391730339619487,0.15079636830970022,0.0,0.0,0.16115751094454067,0
0.44527033084349243,0.5787215685928566,0.10152899095227258,0.1382139079744124,0.0,0.11386600667020544,0.0,0.6429236541196204,0.10530035922569282,0.0,0
0.0,0.37784531735094823,0.1657198205864333,0.0,0.6732386326353264,0.0,0.17539245375032303,0.0,0.17187560395209653,0.5623307431410989,1
0.156036558194601,0.3244832290358015,0.14231565148437225,0.7749511611644473,0.23126357310523932,0.0,0.0,0.0,0.4428062098574652,0.0,0
0.5126676679197819,0.0,0.4675867886292693,0.0,0.0,0.5244043094842613,0.0,0.49349222644677426,0.0,0.0,0
0.6990596217609278,0.0,0.0,0.0,0.0,0.7150633854585681,0.0,0.0,0.0,0.0,0
0.0,0.26447535498832236,0.0,0.0,0.5654854561324117,0.2601834299041968,0.7366027208134702,0.0,0.0,0.0,1
0.0,0.0,0.3717549575514423,0.0,0.3020517381827602,0.0,0.3934533236160919,0.7847021607795848,0.0,0.0,1
0.0,0.0,0.2920962127634043,0.13254591518440867,0.39554804847302716,0.10919649320161351,0.0,0.8220774631427639,0.2019642261385205,0.11012877022776357,1
0.0,0.0,0.24383164443240515,0.0,0.5943412766559594,0.0,0.25806346077155295,0.5146810133018102,0.5057778967072253,0.0,1
0.0,0.0,0.0,0.0,0.4629345414566136,0.0,0.0,0.0,0.886392469691815,0.0,0
0.4234076431196053,0.0,0.3861757479864368,0.0,0.6275373256169143,0.21655041522458332,0.0,0.0,0.20026026362429933,0.4367984762470841,1
0.16837379207014572,0.08753472963013277,0.15356802398494668,0.9407516455256082,0.18716154673280833,0.0861142097414335,0.08126569425731467,0.0,0.07963621001018496,0.0,1
0.0,0.30971168647789876,0.0,0.7396728384867174,0.4414713910494637,0.0,0.28753085007034873,0.0,0.2817654776701582,0.0,1
0.0,0.0,0.0,0.0,0.0,0.0,0.0,0.0,0.0,0.0,0
0.1998679724269023,0.20781605869900494,0.0,0.0,0.29622661501607134,0.0,0.38586550411140796,0.0,0.0,0.8247562577135986,0
0.13014128499448643,0.13531657220102863,0.2373949024933638,0.0,0.771535566397121,0.0,0.5025020460291085,0.0,0.24621310894984316,0.0,1
0.0,0.0,0.7487069446733653,0.0,0.6083260745670082,0.0,0.0,0.26339570611490437,0.0,0.0,1
0.5525080366696808,0.0,0.5039238374569437,0.0,0.4094392500321508,0.0,0.0,0.0,0.5226424552131144,0.0,1
0.12470242575366422,0.0,0.45494740894453667,0.30966553849932693,0.5544686877555288,0.0,0.0,0.6001907432371817,0.11796169040323151,0.0,1
0.0,0.0,0.0,0.0,0.0,1.0,0.0,0.0,0.0,0.0,0
0.3647072401749431,0.0,0.3326371017606844,0.0,0.0,0.0,0.704104521471809,0.0,0.3449931490371951,0.37624159453279876,0
0.0,0.0,0.0,0.0,0.0,0.0,0.0,0.0,0.0,0.0,0
0.3736870126994455,0.3885473056199921,0.0,0.0,0.0,0.7644838639933572,0.0,0.0,0.35348752386611193,0.0,0
0.0,0.0,0.0,0.9582410843814206,0.28596157819455265,0.0,0.0,0.0,0.0,0.0,1
0.0,1.0,0.0,0.0,0.0,0.0,0.0,0.0,0.0,0.0,0
0.11762072068208228,0.06114905328923218,0.16091680391067908,0.0,0.8280533430222194,0.06015672205408108,0.454157593423706,0.0,0.16689417572573242,0.18201094998126113,1
0.26246370549237263,0.13645050821464075,0.35907636329268117,0.6517592918230473,0.29175035186421233,0.0,0.0,0.5052934151687842,0.0,0.13538223564477192,0
0.0,0.40675451959320647,0.1189327711884776,0.0,0.48316571890505505,0.26676911866127595,0.2517491329191134,0.0,0.0,0.6726167231091205,1
0.0,0.0,0.0,0.0,0.0,0.0,0.0,0.0,0.0,0.0,0
0.0,0.0,0.0,0.0,0.6166955721236625,0.0,0.0,0.0,0.7872017348323544,0.0,1
0.0,0.0,0.0,0.0,0.325878110596463,0.0,0.8489792277264164,0.0,0.415978037789421,0.0,0
0.47496712082925796,0.0,0.0,0.0,0.4693028127143211,0.32389378228440435,0.0,0.0,0.14976432661021932,0.6533181218840346,1
0.0,0.8143385894980334,0.0,0.0,0.5803900943799382,0.0,0.0,0.0,0.0,0.0,1
0.056315339900012674,0.058554814161611964,0.0,0.0,0.04173280568541666,0.11520916485124841,0.054361253471140916,0.0,0.0,0.9876385936238988,0
0.0,0.8958254770208858,0.0,0.0,0.0,0.0,0.0,0.0,0.0,0.4444060246219695,0
0.0,0.3377734943114014,0.0,0.0,0.48147144878220016,0.33229208175009917,0.0,0.0,0.3072951849227752,0.6702581236193246,1
0.7098192640077614,0.4920309477086461,0.2158006904754485,0.0,0.0,0.0,0.0,0.455513140239369,0.0,0.0,0
0.4074395145765744,0.0,0.123870586543626,0.0,0.20129025970039874,0.27784475943918685,0.0,0.7843998979169022,0.2569436992961492,0.14010844475916887,0
0.06381124866865624,0.0,0.0,0.07922919126019193,0.0,0.06527209709010003,0.1231941232831321,0.982792000302895,0.0,0.06582936477133758,0
0.13166832659771516,0.0,0.0,0.16348175672111437,0.3902942749583005,0.40404793715932363,0.0,0.7604610125957224,0.2491021050177906,0.0,0
0.0,0.45823469699416314,0.10048896768756102,0.0,0.40823756000643113,0.22539921568555218,0.10635424631277406,0.7423940950083929,0.0,0.0,0
0.08382520351805109,0.26147596140448826,0.1529082490348638,0.0,0.7454297751562097,0.0,0.08091655211182917,0.4034493386751843,0.23788220587425896,0.34590515086609724,1
0.0,0.0,0.0,0.0,0.0,0.0,0.0,1.0,0.0,0.0,0
0.3376073988072619,0.0,0.0,0.0,0.8756506484892476,0.34533633760575283,0.0,0.0,0.0,0.0,0
0.21982824743815743,0.11428504381815215,0.0,0.27294269621816103,0.24435747571063451,0.22486083581338737,0.21220042532495964,0.4232119092055687,0.7278093451921507,0.0,0
0.0,0.0,0.0,0.0,0.6166955721236625,0.0,0.0,0.0,0.7872017348323544,0.0,1
0.03897495885401721,0.12157459104599688,0.2488341647332355,0.4839200820904525,0.5198871030897566,0.23920333967559423,0.07524513289104877,0.4877231889453754,0.3318136597445503,0.08041518813309885,1
0.0,0.05647677257974022,0.0,0.03372034097073562,0.3622658168420005,0.08334039517802094,0.0,0.9149901293673782,0.02569035250843686,0.1400865382234281,1
0.16088162737839728,0.16727935603133307,0.0,0.0,0.7153335171898432,0.0,0.0,0.6194565209192673,0.1521852410302525,0.16596972406372987,1
0.0,0.2394922584840274,0.21007863422030645,0.0,0.0,0.2356057608869758,0.0,0.8868699924922303,0.0,0.2376172708875578,0
0.0,0.0,0.0,0.0,0.0,0.0,0.0,0.0,0.0,0.0,0
0.0,0.0,0.0,0.0,0.0,0.0,0.0,0.0,1.0,0.0,1
0.20508661025019223,0.0,0.0,0.0,0.9118836540219614,0.20978171428112796,0.0,0.0,0.19400074279205046,0.21157274865408693,1
0.0,0.0,0.0,0.0,0.7952368038320579,0.36589347606249867,0.3452924603932634,0.0,0.3383688915982693,0.0,1
0.0,0.0,0.0,0.0,0.0,0.0,0.0,0.0,0.0,0.0,0
0.14896507947936966,0.0,0.13586599563474175,0.09247885772025287,0.27597856671303617,0.0,0.0,0.9320564503648083,0.0,0.07683814969801331,1
0.0,0.0,0.20028533630676837,0.0,0.0,0.44924491469774336,0.0,0.8455265113748432,0.2077250809146285,0.0,0
0.35898895713347406,0.2799485678548226,0.16371082489024516,0.11143178255574407,0.0,0.0,0.0,0.8639040006386944,0.08489599132419745,0.0,0
0.3282396852565487,0.08532317218003191,0.823284775534098,0.4075482825514805,0.060810975425946,0.08393854160470736,0.0,0.07899061283829026,0.15524841596415143,0.0,0
0.18649230670353575,0.19390848711886083,0.08504665327287188,0.0,0.5528047747773273,0.09538086312115286,0.450053021660195,0.0,0.2646173193463388,0.5771711261496811,1
0.11164898155290097,0.17413333678987228,0.2545781214850192,0.5545015148907734,0.0,0.0,0.05388743632523667,0.7523106205904531,0.052806922223774054,0.1151800299530016,0
0.0718865131938274,0.2989808054618442,0.0,0.5355335074951763,0.4794472168084203,0.0,0.20817636749549054,0.0,0.5440057520798574,0.22248006101942133,1
0.0,0.0,0.0,0.8161332737529187,0.4871065596819584,0.0,0.0,0.0,0.3108917480219609,0.0,1
0.0,0.0,0.493951128169062,0.3842444557378221,0.0,0.15827778260973635,0.14936621874496267,0.7447388772792071,0.0,0.07981454826119821,0
0.0,0.0,0.6004047197884679,0.0,0.4878301836772271,0.0,0.0,0.6336685918910405,0.0,0.0,1
0.09117383110576532,0.0,0.24946967535570927,0.0,0.5405191244712412,0.18652219726692323,0.0,0.0,0.7762092241187143,0.0,1
0.0,0.0,0.0,0.4409513219628733,0.2631803999864534,0.363272892747926,0.6856388492135,0.0,0.0,0.36637437487617225,0
0.0,0.0,0.22142287703530972,0.0,0.17990658503239484,0.12416423406242032,0.11717337607007502,0.9347609575944752,0.0,0.125224299816292,0
0.0,0.6205166329539629,0.5443068915342236,0.0,0.0,0.0,0.0,0.0,0.5645255672295346,0.0,0
0.2988239954682514,0.6214144690501956,0.0,0.0,0.6643357081298672,0.0,0.28845509926337176,0.0,0.0,0.0,1
0.0,0.0,0.0,0.0,0.9084029929448474,0.11398962393197504,0.3227148906589255,0.0,0.210829354590502,0.11496282283695321,1
0.2928516302005638,0.30449736810192396,0.5342000749372563,0.0,0.217019380501242,0.0,0.2826899691457974,0.5637960497593031,0.0,0.3021134547680956,1
0.25896220632361616,0.2692602742535688,0.4723812871700607,0.0,0.3838108570616233,0.0,0.4999529493171298,0.0,0.4899282339355226,0.0,0
0.0,0.5743104438883901,0.0,0.0,0.8186375962785487,0.0,0.0,0.0,0.0,0.0,0
0.0,0.0,0.6076884531242764,0.0,0.3703111750319718,0.0,0.48236823090338227,0.4810168962388056,0.0,0.17183716982594816,1
0.21414888264625775,0.11133243667295747,0.0,0.2658910949923282,0.15869625794842016,0.21905145176525698,0.5167953221433104,0.7214865579674974,0.10128657899893957,0.0,0
0.08230235362042326,0.08557524521495558,0.22519555435681865,0.10218807893912009,0.12198126255446073,0.0,0.0,0.9506877286353296,0.07785353571555827,0.0,0
0.20371648291775504,0.21181761168600638,0.06193429779105114,0.08431268010312663,0.3019305365684656,0.1389201468318634,0.4588446871173761,0.522924860215525,0.5138791389233434,0.21015928921187277,0
0.24124057249042602,0.0,0.22002734253866565,0.0,0.5363181303561316,0.04935267181944644,0.3725916223028175,0.6502086889735825,0.04564008366770329,0.19909610265212174,1
0.0,0.0,0.1183651863007715,0.0,0.38468791913853057,0.0,0.8769169718690963,0.1873843554025252,0.1841429209586019,0.0,1
0.0,0.685040037313259,0.0,0.0,0.3254915150673444,0.4492821055424553,0.4239860335933447,0.0,0.20774227748374774,0.0,0
0.49710915194895805,0.0,0.0,0.30860982114194074,0.7367711774291701,0.0,0.23992997875801803,0.23925782483784866,0.0,0.0,1
0.4127451583100268,0.14305288803997368,0.0,0.3416478627383044,0.0,0.14073141548324916,0.7968466215320668,0.13243571477537416,0.0,0.1419329253638858,0
0.1972610492894028,0.10255273343793632,0.0,0.36738428713775617,0.29236286432479447,0.0,0.0,0.8544727944327637,0.0,0.0,0
0.371763824976747,0.0,0.0,0.0,0.2754977151193282,0.0,0.7177279780906467,0.0,0.35166829321874343,0.3835213532689101,0
0.2893533212565649,0.3008599430156249,0.0,0.0,0.21442693859026934,0.0,0.13965652402589024,0.696326410226313,0.27371245340999917,0.4477567606858168,0
0.1505339436500001,0.0,0.0,0.46726411335902673,0.05577702123931868,0.0,0.0,0.8694209015647425,0.0,0.0,0
0.0,0.34352507871166355,0.6026689949227119,0.0,0.0,0.33795032902500977,0.0,0.6360583133383931,0.0,0.0,0
0.0,0.0,0.0,0.0,0.7952368038320579,0.36589347606249867,0.3452924603932634,0.0,0.3383688915982693,0.0,1
0.24456665431500965,0.7628767766811986,0.0,0.0,0.5437125664045829,0.25016558582548737,0.0,0.0,0.0,0.0,1
0.3646354851426963,0.7582716576751052,0.0,0.0,0.5404304359872771,0.0,0.0,0.0,0.0,0.0,1
0.0,0.0,0.4063982086878097,0.2766199293901566,0.49529918633913644,0.0,0.21505930542663787,0.6433704770100106,0.0,0.22983592215456058,0
0.25549156587724614,0.0,0.46605038033760987,0.3172229122699682,0.0,0.0,0.7398787859782702,0.0,0.0,0.2635718284321052,0
0.5813299502274688,0.0,0.0,0.0,0.0,0.0,0.0,0.0,0.5499064127775692,0.5997152875778922,1
0.26280395116045957,0.09108493084631453,0.0798981895755975,0.0,0.25966983410705874,0.0896067980369176,0.16912327650709208,0.505948453911385,0.7457945938784238,0.0,0
0.5126676679197819,0.0,0.4675867886292693,0.0,0.0,0.5244043094842613,0.0,0.49349222644677426,0.0,0.0,0
0.0,0.0,0.19450475517407037,0.0,0.15803555054678856,0.0,0.0,0.0,0.4034595517759669,0.8800074176157745,1
0.2918562912943092,0.0,0.2661922226172219,0.1811870039052008,0.5407044472375201,0.0,0.0,0.1404699574460617,0.6902003162292742,0.15054331846870772,1
0.2276954697286367,0.0,0.20767331380161344,0.0,0.8436751700785461,0.0,0.4395893256127226,0.0,0.0,0.0,1
0.050497112797427586,0.1575156464012036,0.046056703563552445,0.8150755766113212,0.2993694009186492,0.20661262821534032,0.0974898261544946,0.3888668497415086,0.04776751334279623,0.1041883030843766,1
0.0,0.0,0.0,0.0,0.0,0.0,0.0,0.0,0.0,0.0,0
0.0,0.0,0.0,0.09623805993791605,0.05743938128053408,0.15856933264410816,0.0,0.9699439066069427,0.1466408472369135,0.0,0
0.0,0.0,0.0,0.0,1.0,0.0,0.0,0.0,0.0,0.0,1
0.0886699150781288,0.0,0.08087282158370816,0.25688636748359417,0.5256747937834413,0.030233286589764027,0.11412420931573126,0.7681803416524242,0.1957127699566502,0.03049140658690173,1
0.0,0.0,0.0,0.0,0.5622238241494376,0.3880240986431366,0.0,0.73030245133846,0.0,0.0,0
0.0,0.0,0.0,0.0,0.0,0.0,0.6801402519395209,0.0,0.09521464910314505,0.7268723466247771,0
0.0,0.0,0.5141892974511614,0.6999785142428014,0.41777995933949064,0.0,0.0,0.0,0.2666446165956009,0.0,1
0.6981017771020113,0.24195432302386538,0.0,0.0,0.0,0.0,0.6738783379639657,0.0,0.0,0.0,0
0.0,0.0,0.8281156711976416,0.0,0.13456916865299265,0.0,0.0,0.1747990560352662,0.5153259783613688,0.0,0
0.0,0.43920292219742574,0.19263075688719256,0.2622329785387461,0.0,0.0,0.0,0.8132118649208337,0.19978616657062764,0.0,0
0.26190851491573347,0.0,0.0,0.0,0.7763552296579067,0.0,0.5056410985306358,0.0,0.0,0.27019172206821196,1
0.6243422130183972,0.6491702317956456,0.11388827057322562,0.0,0.0,0.38318127034804733,0.12053563151669269,0.12019795592624159,0.0,0.0,0
0.0,0.0,0.29183638403649265,0.0,0.23711771765947806,0.0,0.9266103349976542,0.0,0.0,0.0,1
0.4759038836494503,0.49482900245935824,0.0,0.19696360023145976,0.0,0.4867988818150285,0.15313016366352608,0.0,0.4501791063443079,0.16365166020352062,0
0.0,0.11215571695296665,0.19676226686091325,0.1339286522483769,0.23980467579599757,0.0,0.0,0.9344851732734076,0.0,0.0,0
0.0,0.0,0.5164011563444254,0.0,0.4195770996593556,0.0,0.36436142886727907,0.5450110280728047,0.35705550212873455,0.0,1
0.0,0.0,0.09084178556658483,0.0,0.14761830970991485,0.2037603499107087,0.09614398336422257,0.958746399680639,0.0,0.0,0
0.0,0.0,0.0,0.0,0.0,0.0,0.3453005702658541,0.1721666124940548,0.0,0.9225649970145182,0
0.0,1.0,0.0,0.0,0.0,0.0,0.0,0.0,0.0,0.0,1
0.0,0.0,0.0,0.0,0.26773846667155016,0.0,0.8718919331963817,0.0,0.170881870222781,0.3727196757894704,1
0.20572016734455797,0.4278019519918975,0.04690759649190959,0.6385646271104346,0.0,0.07891116583944827,0.07446820560569317,0.5940766880412329,0.0,0.0,0
0.0,0.0,0.5726716367386399,0.0,0.46529699139502795,0.0,0.6060969846899918,0.0,0.29697197077084936,0.0,1
0.0,0.0,0.3142039120170524,0.07128891655051162,0.1701942562625471,0.23492235669814207,0.0,0.8842975143595292,0.1629376225213682,0.059232008015144104,0
0.0,0.0,0.0,0.0,0.5222038611884142,0.0,0.0,0.0,0.8332307787780786,0.1817404651055669,1
0.11186648360011141,0.11631504257539005,0.40811849933169203,0.0,0.4973957963584889,0.1144274736980839,0.32395448277723254,0.6460938753628824,0.10581958951625903,0.11540441079341855,1
0.0,0.0,0.0,0.0,0.2877415770369651,0.0,0.3748128731483373,0.0,0.36729738118092986,0.801132154356695,1
0.0,0.0,0.0,0.0,0.0,0.0,0.0,0.0,1.0,0.0,0
0.027499222079113254,0.31452052414480974,0.07524332279788486,0.4097223303544743,0.42794758168683955,0.05625753862835045,0.026545026352607234,0.13235330779138696,0.7023446171457514,0.17021353058679342,1
0.0,0.0,0.7984922535417667,0.0,0.2162589166228629,0.0,0.0,0.561820435739834,0.0,0.0,1
0.0,0.48623838093912675,0.42652023752157103,0.0,0.34654865119233014,0.47834766951873986,0.0,0.0,0.0,0.4824316151632338,1
0.1271980797034713,0.264512650797265,0.0,0.6317256718849089,0.2827825999051768,0.0,0.6139221626007829,0.0,0.24064488572990825,0.0,1
0.0,0.0,0.4281370751118429,0.0,0.0,0.0,0.0,0.9037138069735773,0.0,0.0,0
0.0,0.0,0.2670849361151548,0.0,0.2170071106176187,0.299539026557408,0.0,0.8456462606241292,0.27700600048234303,0.0,0
0.0,0.0,0.0,1.0,0.0,0.0,0.0,0.0,0.0,0.0,0
0.0,0.0,0.509666690104194,0.0,0.4141053307097417,0.0,0.0,0.5379034561318501,0.5285986303022566,0.0,1
0.0,0.0,0.0,0.0,0.6819158489750008,0.0,0.5921768211408504,0.0,0.2901514478065988,0.31643249636526877,1
0.274067841151364,0.04749443501180246,0.08332266022711549,0.11342918298308959,0.16924962156105977,0.0,0.13227897947140269,0.923358837638726,0.043208870546542245,0.04712260054369835,0
0.0,0.5157755174405216,0.0,0.0,0.0,0.7103676653421901,0.09576737297946943,0.0,0.469235554831323,0.0,0
0.06467262192728201,0.8069332508733389,0.17695711369072167,0.0,0.38340813978566707,0.06615319000304053,0.3745712766156759,0.06225365511062176,0.0,0.13343596022313994,1
0.0,0.0,0.0,0.0,0.9689229231219632,0.0,0.0,0.0,0.24736282875321103,0.0,1
0.0,0.0,0.282649698391836,0.0,0.6889605448040845,0.0,0.2991472231704268,0.5966183491744834,0.0,0.0,1
0.0,0.0,0.0,0.3744445437804067,0.6704581201811419,0.0,0.2911134555046059,0.0,0.5705524942898947,0.0,1
0.0,0.0,0.0,0.0,0.0,0.0,0.0,0.0,0.0,0.0,0
0.0,0.0,0.15819882993256565,0.0,0.6426845236219628,0.17742192506166152,0.0,0.0,0.492225721877242,0.5368100525647969,1
0.5202598689636129,0.5409488781741703,0.0,0.0,0.38554156036220427,0.0,0.0,0.0,0.0,0.5367137832975301,1
0.0,0.0,0.05238769468930585,0.2852666197060145,0.4256511962749802,0.1762603233907841,0.11089085524429212,0.8293514932199185,0.0,0.05925505507194601,1
0.0,0.0,0.0,0.0,0.6973641474084633,0.0,0.6812911669189227,0.0,0.22254346044653733,0.0,1
0.0,0.0,0.0,0.0,0.6089446232211874,0.0,0.7932127368178139,0.0,0.0,0.0,0
0.18478726103845652,0.0,0.08426909611753611,0.0,0.5477506392929742,0.09450882324953089,0.0,0.8004402687905043,0.0,0.09531570268403192,0
0.0,0.18198456685185563,0.0,0.0,0.9079199844522043,0.0,0.33790250411059175,0.16847794210472475,0.0,0.0,1
0.16411337920764707,0.11375974927375888,0.0,0.6792203872557385,0.20269526849493133,0.2238272957599012,0.369643884754821,0.0,0.5174743397363771,0.05643456145595252,0
0.3915067717242481,0.0,0.7141600907268365,0.0,0.5802566781236508,0.0,0.0,0.0,0.0,0.0,1
0.0,0.0,0.1272270150375157,0.17319725906190322,0.6202334132515464,0.0,0.13465292366232456,0.6713784953066861,0.13195295512156524,0.2878097166671561,1
0.0,0.0,0.6355961669709472,0.0,0.20656932542916637,0.0,0.13453885108594027,0.13416194605456153,0.6592058492532087,0.28756589577566927,0
0.0,0.0,0.0,0.0,0.0,0.0,0.0,0.0,0.0,0.0,0
0.0,0.0,0.0,0.0,0.0,0.0,0.0,1.0,0.0,0.0,0
0.0,0.0,0.13764191355973598,0.7495012644461448,0.4473374559559596,0.15436709161091022,0.0,0.2905352162498488,0.33309435280463195,0.0,1
0.0,0.0,0.0,0.0,0.18848351989076417,0.0,0.9820763528003248,0.0,0.0,0.0,0
0.0,0.14456345777865925,0.19021299870324082,0.0,0.05151616292417448,0.14221747158756198,0.06710507823729324,0.9368392058730447,0.13151906599934002,0.143431668835027,0
0.397305454660724,0.0,0.7247376547208677,0.0,0.19628365754400048,0.13546702580971562,0.0,0.5099265812114047,0.0,0.0,0
0.0,0.0,0.0,0.0,0.0,0.0,0.0,0.0,0.0,0.0,0
0.13545768296305868,0.0,0.24709271497015467,0.0,0.9034352371055381,0.13855875285994373,0.0,0.0,0.25627115373026976,0.13974171339535973,1
0.0956163766868821,0.0,0.0,0.9497520708887351,0.21257119333926042,0.09780534862931356,0.18459716653744343,0.0,0.0,0.0,0
0.19801792620566272,0.0,0.9030271655440272,0.0,0.0,0.0,0.0,0.38122282092069054,0.0,0.0,0
0.0,0.0,0.0,0.3855526149077587,0.0,0.0,0.0,0.8967292064332676,0.1468695496899931,0.1601725533329924,0
0.48388620230273605,0.0,0.0,0.0,0.0,0.8661868982883812,0.0,0.0,0.0,0.12479743769240229,0
0.09926044982425947,0.0,0.0,0.0,0.44134515449442624,0.20306569306544495,0.8623458961488639,0.0,0.0,0.10239969433567626,1
0.04215261978567649,0.043828889648143965,0.15378389823466793,0.15701234710791512,0.28113696630317975,0.04311763127437774,0.569659519731991,0.7303675398803378,0.0398740782690588,0.08697150555218038,1
0.0,0.04341275303202226,0.2284856785544646,0.518405272769877,0.03094085452229351,0.08541649550638926,0.20151815911670853,0.7234330115587012,0.11848647270128689,0.30151011868765126,1
0.5374369304437638,0.5588090144105601,0.49017799272704016,0.0,0.39827072030815064,0.0,0.0,0.0,0.0,0.0,0
0.0,0.0,0.0,0.0,0.0,0.0,0.0,0.0,1.0,0.0,0
0.0,0.0,0.47856142013616465,0.0,0.4860402862258276,0.26835624655692386,0.253246900252777,0.6313435988184345,0.0,0.0,1
0.0,0.0,0.30122402576511775,0.0,0.44054135577710446,0.13513057346593987,0.44632795973801304,0.6994076420629721,0.06248264229354339,0.0681421327720647,1
0.0,0.0,0.0,0.0,0.3583540700711844,0.0,0.9335857542097654,0.0,0.0,0.0,1
0.06718785085841938,0.06985968881512447,0.0,0.08342164112262088,0.0,0.20617800228034283,0.0,0.9701220942457585,0.0,0.0,0
0.18205163863308266,0.37858245681918334,0.0,0.0,0.4047312334405933,0.37243879347896824,0.0,0.7009692562970921,0.17221091654029558,0.0,0
0.0,0.0,0.0,0.0,0.0,0.0,0.0,1.0,0.0,0.0,0
0.0,0.19043519709824214,0.3340931883737006,0.0,0.3393143326452228,0.09367240051098548,0.17679666766103574,0.7933562059628879,0.2598774922855195,0.0,1
0.0,0.0,0.09069218181726342,0.061730746824729225,0.9579388191430072,0.0,0.23996411908682802,0.0,0.047030504463542705,0.10258077321493399,1
0.5977814932941863,0.0,0.0,0.0,0.7087830476393198,0.12229333380253621,0.11540781369701036,0.0,0.22618746993757888,0.2466748530808624,0
0.2940944757032775,0.30578963744758014,0.2682335946904718,0.0,0.6538211948718048,0.0,0.0,0.5661887678207023,0.0,0.0,1
0.0,0.0,0.0,0.0,0.3583540700711844,0.0,0.9335857542097654,0.0,0.0,0.0,1
0.0,1.0,0.0,0.0,0.0,0.0,0.0,0.0,0.0,0.0,0
0.19467662409661043,0.0,0.0,0.24171398940223313,0.14426622904774328,0.0,0.9396076918128906,0.0,0.0,0.0,1
0.30161066772420536,0.10453490783095712,0.2750888584601709,0.6241420276676349,0.29801375400571684,0.0,0.19409671783764312,0.19355296390384163,0.0,0.5185825142847165,0
0.0,0.17584304869529585,0.15424660379786895,0.0,0.12532571211101287,0.3459789101058046,0.0,0.8139611916026128,0.1599762061743918,0.34893274296221827,0
0.2469834719373723,0.06420129633399976,0.05631631157680764,0.07666477754510767,0.0457571296744921,0.12631886615834848,0.0,0.9509819408467141,0.05840822196382865,0.0,0
0.0,0.0,0.0,0.0,0.6973641474084633,0.0,0.6812911669189227,0.0,0.22254346044653733,0.0,1
0.0,0.4108814886158543,0.0,0.0,0.2928407778191151,0.4042136742644146,0.7629102088036159,0.0,0.0,0.0,0
0.0,0.0,0.597397883933139,0.0,0.4853871227897158,0.3349945212627705,0.3161332191813322,0.31524758503228406,0.3097943315934246,0.0,1
0.22843498045895333,0.2375190818795442,0.0,0.0,0.16928305268460797,0.23366460513435824,0.44101702649588337,0.43978153552157867,0.6482610810329525,0.0,0
0.0,0.3025742648208067,0.0,0.0,0.8625950354362397,0.29766406788751354,0.0,0.0,0.27527208684782833,0.0,1
0.29977980656128506,0.0,0.0,0.0,0.22215354533678464,0.0,0.0,0.0,0.0,0.9277822319231899,1
0.0,0.0,0.5018157214662327,0.0,0.2038632005268377,0.5627924768261375,0.0,0.0,0.2602280158596993,0.5675973792662403,1
0.38029490478997463,0.5931269574894247,0.0,0.0,0.0,0.5835016505604205,0.18354952442599531,0.0,0.35973822922561094,0.0,0
0.1663666993919784,0.6919302046564307,0.45521226852003244,0.0,0.0,0.0,0.4817818198839855,0.0,0.15737381986338297,0.1716282688173988,0
0.0,0.0,0.0,0.0,0.620064855875743,0.5705915128859681,0.5384653191527716,0.0,0.0,0.0,1
0.0855674528138431,0.04448509328624292,0.35119426948926213,0.15936312702102282,0.25364100705892173,0.1312895579779132,0.04129917354269728,0.8236695122948547,0.28329749487596334,0.0,1
0.0,0.5000219229863551,0.0,0.0,0.7127447349706855,0.4919075312541932,0.0,0.0,0.0,0.0,1
0.0,0.2283911942781813,0.3005114474197397,0.0,0.8952761625407327,0.0,0.0,0.0,0.20778277592066874,0.11330155851937672,1
0.0,0.19341410399116238,0.0,0.6928855071443225,0.1378488401722893,0.1902753659995639,0.17956223211532668,0.537177587827877,0.2639426591500503,0.19189986278661883,0
0.17325141643143105,0.0,0.4740502191020998,0.21511206715012035,0.12838895600192385,0.3544354172735186,0.33447952829850863,0.6670849954452928,0.0,0.0,0
0.15674559627851778,0.05432628289814394,0.09530822737862511,0.0,0.38719074430699235,0.0,0.3530489190237961,0.7544140008583151,0.345969823013198,0.0,1
0.6146382407768227,0.21302678825583996,0.062287854330386735,0.0,0.6579172805041549,0.0698565914044263,0.19777030118406203,0.0,0.12920316403953264,0.2818119988329131,0
0.0,0.0,0.0,0.0,0.6100193080705001,0.0,0.0,0.792386549470136,0.0,0.0,1
0.20741766417776672,0.6469979299421064,0.0,0.0,0.6148321995550485,0.0,0.40044095398444085,0.0,0.0,0.0,1
0.401256655723565,0.16688532075785606,0.0,0.0,0.594707093059307,0.24626564065312387,0.07746668956451114,0.0,0.37956690183557573,0.4967363210905774,0
0.0,0.21423811124838632,0.0,0.25582843460192656,0.15269039096363604,0.21076143976917333,0.19889487201869044,0.793350705016955,0.389813535533873,0.0,1
0.164493307375229,0.08551733028058382,0.33756472244882757,0.15317838135474937,0.42664548165750127,0.12619432334045697,0.23817832918369108,0.7521184277184831,0.07780084661837543,0.0424239070679971,1
0.0,0.14374596918819132,0.31522894594673817,0.0,0.6146981442347934,0.1414132492607411,0.4003536435924859,0.5323094258732458,0.19616301276232692,0.0,1
0.322276645500998,0.6701850373075485,0.2939375957361996,0.0,0.23882495688600167,0.0,0.31109396560536134,0.31022244871695465,0.0,0.33246907554073735,0
0.12948460373160356,0.0,0.0,0.0,0.9595530838273378,0.0,0.24998323286555735,0.0,0.0,0.0,0
0.0,0.42906293048894273,0.0,0.0,0.0,0.0,0.7966688667136512,0.0,0.0,0.4257037919603572,0
0.21287635524905552,0.0,0.0,0.0,0.9465194653252792,0.0,0.10274487844921931,0.0,0.0,0.2196088547592752,1
0.3684499485409025,0.5746529711879582,0.0,0.0,0.2730419479765191,0.0,0.5334976512515816,0.0,0.17426677346567743,0.3801026710576419,1
0.0,0.0,0.0,0.0,0.4861124476401573,0.0,0.8442816643526924,0.0,0.0,0.22557295823556248,1
0.047143444441370225,0.0,0.08599587284568876,0.058534146474777164,0.41923103929538674,0.09644542449614639,0.13652284105876802,0.8622223937559801,0.044595126070123406,0.19453767575199532,1
0.0,0.0,0.12752899607611345,0.347216706527085,0.3108527874426166,0.0,0.0,0.0,0.1322661534656583,0.8654785514701432,1
0.0,0.0,0.15390150480559547,0.0,0.0,0.0,0.1628843337399215,0.9745681200617405,0.0,0.0,0
0.1519179969969113,0.6318370872129968,0.0,0.0,0.05628985157548862,0.6992815382037767,0.0,0.29247153767095324,0.0,0.0,0
0.0,0.0,1.0,0.0,0.0,0.0,0.0,0.0,0.0,0.0,0
0.0,0.0,0.40839570375107237,0.0,0.6636448535716611,0.0,0.0,0.0,0.42356585944435565,0.46193118556629104,1
0.0,0.0,0.0,0.0,0.7960213700864098,0.5493816899270272,0.0,0.0,0.25402704017225974,0.0,1
0.0,0.21526013021355295,0.18882261348904736,0.0,0.9205127859743909,0.10588343666853035,0.19984369634361093,0.099641921243512,0.0979182834569764,0.0,1
0.0,0.0,0.0,0.0,0.0,0.0,0.0,0.0,0.0,0.0,0
0.0,0.0,0.3283563202703689,0.0,0.8003707436818974,0.36825563421275237,0.0,0.0,0.34055335480237575,0.0,1
0.0,0.0,0.0,0.0,0.0,0.12954837985069548,0.12225437660158492,0.9752950881424574,0.0,0.13065441333921396,0
0.0,0.0,0.0,0.0,0.0,0.0,0.881978600262304,0.0,0.0,0.47128945318068277,1
0.0,0.0,0.0,0.0,0.0,0.0,0.0,0.0,0.0,0.0,0
0.0,0.0,0.41241948894875347,0.0,0.3350917612986473,0.6938002609762517,0.4364913375189705,0.0,0.21386955553608955,0.0,1
0.0,0.0,0.0,0.0,1.0,0.0,0.0,0.0,0.0,0.0,1
0.0,0.0,0.0,0.0,0.0,0.0,0.0,0.0,0.0,0.0,0
0.0,0.0,0.0,0.0,0.0,0.46920324697766025,0.0,0.8830902066185655,0.0,0.0,0
0.0,0.0,0.0,0.6573215212952628,0.5230936909290164,0.0,0.5110373288121102,0.0,0.0,0.18205014889563645,1
0.3181577038210254,0.0,0.0,0.0,0.0,0.0,0.6142358942312641,0.0,0.3009598276113409,0.6564397336400379,0
0.2645135504182781,0.6875809422206366,0.0,0.656849540300447,0.09800964195870171,0.0,0.0,0.12730994081499425,0.0,0.0,0
0.0,0.15447350422829767,0.0,0.7378465865652023,0.11009534959349729,0.3039333941811973,0.0,0.5720348390481931,0.0,0.0,0
0.0,0.4852445828270773,0.2128242471560171,0.0,0.34584035787615247,0.0,0.45049248537884184,0.4492304492980584,0.44145951746927337,0.0,1
0.2888397973671074,0.3003259979845176,0.26344098083506867,0.0,0.0,0.5909045721743175,0.5576346858637276,0.0,0.27322668783088755,0.14898737117722471,0
0.21629321463732104,0.22489447830719977,0.0,0.0,0.48085598241402455,0.22124487453685746,0.4175761093110138,0.0,0.0,0.6694013306898007,1
0.0,0.0,0.5528428013186499,0.0,0.4491860180694898,0.0,0.39007386128527805,0.5834716282245584,0.0,0.0,0
0.21196331034507557,0.2203923880841779,0.5799736347347997,0.39476617381385887,0.07853831352855524,0.21681584455780442,0.1023041968734363,0.5100879794685396,0.30075858878433065,0.0,0
0.31965660956665765,0.0,0.0,0.0,0.9475334569081714,0.0,0.0,0.0,0.0,0.0,0
0.22656605547791878,0.0,0.5166080334419364,0.0,0.5036942253190158,0.0,0.0,0.6542752399936195,0.0,0.0,1
0.0,0.12677571334457838,0.0,0.0,0.2710642815484119,0.12471838794960716,0.0,0.9389328628307372,0.11533636277576904,0.0,0
0.0,0.0,0.1639462069113021,0.0,0.2664133228629604,0.1838676787253085,0.8675765943831065,0.0,0.34007221621192435,0.0,0
0.31312006505920775,0.0,0.0,0.0,0.6961182612688802,0.0,0.0,0.0,0.0,0.6460458119865095,1
0.0,0.0,0.0,0.0,0.23511003397380964,0.32452683467357457,0.0,0.9161908128231719,0.0,0.0,0
0.0,0.2067850189790788,0.0,0.0,0.7368923579785402,0.0,0.0,0.0,0.18812619023283347,0.6154982901902559,1
0.0,0.0,0.0,0.0,0.0,0.0,0.0,0.0,0.0,0.0,0
0.0,0.0,0.2918705287055913,0.19866525815233038,0.3557181904197435,0.0,0.15445312463507638,0.7701021529466244,0.15135613597568073,0.3301310423162844,1
0.0,0.0,0.4966960029664089,0.0,0.40356661827078083,0.0,0.0,0.5242141615884041,0.0,0.5618065307958295,1
0.43373940746008804,0.0,0.0,0.26926931526743075,0.0,0.0,0.0,0.8350322802828899,0.20514690628215218,0.0,0
0.12928402610751338,0.0,0.0,0.0,0.5748400151027385,0.19836564117652952,0.12479799865326842,0.0,0.2445912686879658,0.7335504351061961,1
0.0,0.32914603495459616,0.0,0.0,0.23458681776315576,0.5396743823738305,0.0,0.711007043184338,0.1996308046297299,0.0,0
0.0,0.26032350672175564,0.0,0.0,0.742144295181635,0.12804947906496852,0.6041993444953678,0.0,0.0,0.0,1
0.0,0.19786244549260026,0.17356165320620384,0.0,0.14101923314782686,0.1946515194951529,0.5510759809854175,0.7327095525311939,0.18000872715271776,0.0,1
0.14103393675807377,0.1466423885927338,0.12863226940765418,0.0,0.0,0.0,0.0,0.9503116554315256,0.13341040868818854,0.14549432367627893,0
0.0,0.0,0.09288555564100984,0.0,0.6792275036870371,0.0,0.4915352148037679,0.490158199212628,0.19267171443621015,0.10506167044643575,1
0.14076169072964284,0.14635931624283208,0.0,0.17477224078213152,0.10431225839355322,0.0,0.0,0.9484772134531622,0.133152878800336,0.0,0
0.11410152433255734,0.11863896346380814,0.10406812966546013,0.21250574976283412,0.0,0.17507052274675214,0.05507115731431736,0.9335869216304252,0.10793381609465943,0.0,0
0.0,0.0,0.45831164482009296,0.0,0.7447584820877762,0.0,0.4850620986849132,0.0,0.0,0.0,1
0.1969426155081875,0.10238718501973494,0.6286863754483151,0.0,0.43783636494640416,0.10072563841665501,0.0,0.0,0.5588909044240506,0.20317118918373261,1
0.0,0.0,0.5920161406330108,0.8059261065569195,0.0,0.0,0.0,0.0,0.0,0.0,1
0.0,0.2835459584272027,0.0,0.0,0.8083481131555127,0.0,0.0,0.0,0.5159215225376059,0.0,1
0.0,0.0,0.0,0.0,0.8429436602424569,0.0,0.0,0.0,0.5380018454030148,0.0,1
0.0,0.39344085619749336,0.0,0.0,0.5608212078028713,0.0,0.0,0.72848051830719,0.0,0.0,1
0.1449309784609695,0.22604160407564405,0.1321866289451011,0.6298211613241655,0.4833086984277287,0.07412446155527337,0.27980403456414027,0.06975504378111529,0.411290392493779,0.14951461453629855,1
0.0,0.0,0.25096254412150476,0.0,0.6117228927082595,0.0,0.5312211449074895,0.5297329508232207,0.0,0.0,0
0.0,0.056679609405628974,0.09943682528568333,0.3384144787217432,0.040396321968026394,0.0,0.684064505192136,0.577202261096508,0.2578261963562472,0.05623586410345929,1
0.43958462632247075,0.6855981731171649,0.0,0.0,0.32575670901007975,0.22482407888320566,0.4243314758635989,0.0,0.0,0.0,0
0.0,0.5090183751433077,0.0,0.0,0.7255685205159017,0.0,0.0,0.0,0.46308812962851076,0.0,1
0.0,0.0,0.0,0.0,0.30774222142857705,0.8495648384513917,0.0,0.0,0.0,0.4284090456762851,1
0.0,0.06213767461719169,0.0,0.3710027112937347,0.044286358648252255,0.0,0.2884375886369858,0.8628886279570828,0.1695924209602786,0.0,0
0.0,0.34195086769586497,0.2999536256859303,0.4083342346683546,0.0,0.0,0.0,0.7914294531527866,0.0,0.0,0
0.0,0.0,0.0,0.0,0.0,0.0,0.0,0.0,0.0,0.0,0
0.0,0.3339586246247094,0.0,0.3987904470484139,0.0,0.657078240086163,0.0,0.3091727106216512,0.30382454230110295,0.33134405878083206,0
0.0,0.0,0.4698216934028192,0.0,0.47716397671930266,0.13172769563907297,0.0,0.0,0.7309103432919443,0.0,1
0.7030421238475266,0.0,0.32061043589392446,0.0,0.5209933988729216,0.0,0.0,0.0,0.0,0.3626383857546077,0
0.18578097884219752,0.0,0.0,0.0,0.9637184207151223,0.0,0.0,0.0,0.0,0.19165655082669472,1
0.0,0.0,0.0,0.3433993559903921,0.0,0.0,0.06674431154152811,0.9318026215541816,0.06540600015150824,0.07133027962350291,0
0.0,0.0,0.0,0.0,0.0,0.0,0.0,0.0,0.0,0.0,0
0.8887350390638837,0.0,0.0,0.0,0.0,0.0,0.0,0.0,0.0,0.45842123679004776,0
0.0,0.0,0.4223374388224108,0.0,0.3431501178523273,0.0,0.44698817222683934,0.6686039300017985,0.0,0.23885025238069107,0
0.0,0.0,0.0,0.0,0.0,0.47560683044504365,0.0,0.0,0.8796579692323713,0.0,0
0.23494511474522653,0.0,0.07142848969691949,0.0,0.05803580834759525,0.9612951108432246,0.07559758411087723,0.0,0.0,0.08079185609900283,0
0.7557627125273384,0.26193896287634233,0.0,0.0,0.0,0.0,0.3647692480652718,0.0,0.4766068586859426,0.0,0
0.10102365232749222,0.21008205574063396,0.0,0.0,0.0,0.0,0.0,0.9724503851231708,0.0,0.0,0
0.0,0.23100216309818325,0.810525053841594,0.0,0.49391507035851295,0.0,0.0,0.2138575250296015,0.0,0.0,1
0.116351493088729,0.544402827062717,0.05306012492101625,0.1444641014189064,0.12933441210426574,0.17852273960898066,0.056157105850484924,0.7839969765486245,0.0,0.0,0
0.12445554741483525,0.0,0.22702336575633733,0.0,0.0,0.0,0.1201370633813032,0.9584040349040976,0.0,0.0,0
0.0,0.0,0.0,0.0,0.4645024357667113,0.0,0.6050619946096836,0.0,0.0,0.646635499988783,1
0.0,0.0,0.0,0.0,0.0,0.0,0.0,0.0,0.0,0.0,0
0.4671710909004972,0.4857489355107308,0.0,0.29002400426595076,0.17309990841758358,0.47786616684596106,0.4509607174869528,0.0,0.0,0.0,0
0.5014290921388173,0.5213692638194951,0.45733646490686475,0.0,0.0,0.0,0.0,0.0,0.0,0.5172874579647676,0
0.1957301322734928,0.0,0.35703762774470515,0.36453306608533237,0.4351408119769905,0.0,0.0,0.659432156168633,0.2777250377403049,0.0,1
0.2215938488081143,0.0,0.40421646469189365,0.0,0.0,0.0,0.4278095241577639,0.0,0.628847069262288,0.4572041014279426,0
0.0,0.0,0.16003107309887424,0.8169533574675688,0.19503840961991145,0.04486920205255096,0.0,0.4644672482905084,0.0,0.22626138890857106,1
0.9010661511778082,0.0,0.0,0.0,0.0,0.0,0.0,0.43368167035466376,0.0,0.0,0
0.1265877269801027,0.0,0.11545637152949272,0.1571735930788317,0.18761712249624593,0.0,0.06109762921540494,0.9138970009810833,0.059872541246203066,0.261182466377308,1
0.0,0.07575773660201288,0.0,0.0904646846023014,0.10798712099240124,0.074528334603278,0.0,0.981891535904396,0.06892189017349025,0.0,0
0.0,0.0,0.524096374578938,0.0,0.8516589635254324,0.0,0.0,0.0,0.0,0.0,1
0.0,0.0,0.31888973356003525,0.0,0.5181972498490074,0.0,0.0,0.0,0.3307351248378142,0.7213842424654496,1
0.0,0.7248963912113268,0.0,0.0,0.6888579113349829,0.0,0.0,0.0,0.0,0.0,1
0.10411074560825713,0.05412544230525885,0.04747793965464283,0.6463288486070221,0.2700315284222038,0.1064941814687101,0.10049820601506594,0.4509749899984189,0.4431738805472661,0.2685084680308222,1
0.0,0.0,0.6004047197884679,0.0,0.4878301836772271,0.0,0.0,0.6336685918910405,0.0,0.0,1
0.0,0.21127867087845598,0.0,0.25229447422146356,0.9034869474173023,0.0,0.19614737993992673,0.0,0.19221436652450136,0.0,1
0.378267665490382,0.0,0.0,0.0,0.8409522703235649,0.3869274509285924,0.0,0.0,0.0,0.0,1
0.25304437550087727,0.3946606663939808,0.0,0.0,0.843839937234136,0.0,0.0,0.0,0.0,0.2610472423863533,1
0.16210273444920617,0.0,0.0,0.0,0.3003179031616702,0.0,0.0,0.9362373835008393,0.0,0.08361472513959489,0
0.15059075534886165,0.1565792501575114,0.8240923166839697,0.0,0.22319228622795717,0.30807654164681897,0.29073081105307136,0.0,0.142450637609423,0.15535338943964014,1
0.0,0.0,0.8844127053743999,0.0,0.0,0.0,0.0,0.4667056530323313,0.0,0.0,0
0.24929516903969487,0.0,0.6821210004429296,0.0,0.12316107673111806,0.0,0.08021495799285008,0.47994143461792854,0.39303271196146794,0.2571794622553329,0
0.11476127083659475,0.7159496753870125,0.0,0.14248965293859567,0.25513349424180626,0.11738853209291412,0.5538958429173021,0.11046882532072219,0.0,0.23678149909751797,1
0.47374209066520284,0.7388718632086664,0.2160420450459529,0.0,0.3510692939052917,0.0,0.0,0.0,0.0,0.24436240901562384,1
0.40099916844859773,0.4169455752048704,0.0,0.0,0.5943254682149304,0.41017935242008213,0.0,0.0,0.3793233329231917,0.0,0
0.0,0.31103132764523916,0.0,0.0,0.6650286647415735,0.0,0.0,0.0,0.2829660436807514,0.6171925197367049,1
0.0,0.0,0.5690199478968818,0.0,0.46232998600733793,0.31908141987328603,0.0,0.6005450278085169,0.0,0.0,1
0.10287373725446276,0.0,0.09382764595295708,0.0,0.0,0.0,0.0,0.9902592423392099,0.0,0.0,0
0.4821077605835902,0.5012795870000011,0.21985706691747386,0.0,0.0,0.0,0.0,0.0,0.6840714531162878,0.0,0
0.0,0.15092958938444925,0.13239293078624262,0.0,0.9681259832400418,0.0,0.0,0.0,0.0,0.14974795992457693,1
0.0,0.0,0.0,0.0,0.0,0.0,0.0,0.0,1.0,0.0,0
0.6778176565265495,0.14095444326124898,0.49457159266935996,0.0,0.20092026506589983,0.13866702441733203,0.26171922250012875,0.0,0.38470711086394077,0.0,0
0.4879008577666395,0.0,0.0,0.4846291672081623,0.14462469179498777,0.0,0.2825827092042471,0.09393035514079831,0.6461386249457749,0.0,0
0.6431556508908576,0.0,0.0,0.39927679788167714,0.2383070922750463,0.0,0.0,0.0,0.608390152099723,0.0,0
0.0,0.04483052086956257,0.1572983553669359,0.10706705645992368,0.28756185101289544,0.04410300795228911,0.33295889919586064,0.8715685875739188,0.08157065863845406,0.0,1
0.0,0.22185548137593422,0.0,0.883081915686148,0.15811939337647712,0.0,0.13731113578185003,0.342316160773657,0.06727893329279093,0.07337285743554388,0
0.0,0.0,0.0,0.1622069763953059,0.1936254402788893,0.0,0.3783254491731954,0.8802863674779409,0.0,0.13477333351182902,1
0.0,0.0,0.0,0.0,1.0,0.0,0.0,0.0,0.0,0.0,1
0.0,0.0,0.0,0.0,0.0,0.6040352179845105,0.0,0.5684291284116251,0.5585962597508196,0.0,0
0.29969256095695007,0.0,0.341674272932374,0.0,0.0,0.15327675248557943,0.2169701447934319,0.0,0.0,0.850219532555557,0
0.49822704075103125,0.0,0.4544159824595983,0.0,0.7384280132482437,0.0,0.0,0.0,0.0,0.0,1
0.12488573654933698,0.0,0.11390404379439548,0.0,0.8329256232835416,0.3832343399301467,0.36165697613877523,0.0,0.0,0.0,1
0.22052811135286646,0.0,0.1005681046830707,0.0,0.0,0.11278836095234655,0.9579420209524667,0.0,0.1043037801365777,0.0,0
0.11055670616322026,0.11495317963455719,0.0,0.0,0.0,0.0,0.9604844831993493,0.0,0.0,0.22810641978586038,0
0.0,0.0,0.45831164482009296,0.0,0.7447584820877762,0.0,0.4850620986849132,0.0,0.0,0.0,1
0.2145673820616096,0.1487333433965277,0.0,0.0,0.05300212978029511,0.0,0.0,0.9638620260992081,0.0,0.0,0
0.0,0.0,0.25964402662005803,0.3534597878377449,0.42192270987270997,0.291193955437777,0.274798770414758,0.6850723325393657,0.0,0.0,0
0.25163031776452016,0.0,0.0,0.0,0.9323604522738576,0.0,0.0,0.0,0.0,0.2595884631824273,1
0.6252155923309445,0.32503917125316295,0.0,0.0,0.0,0.0,0.0,0.0,0.2957099177986471,0.6449888718209336,0
0.1926433042080398,0.6009122681710802,0.0,0.478378765892767,0.0,0.0,0.18595877265705718,0.0,0.5466901627270856,0.1987359064123115,0
0.28465232766579274,0.2959720065036315,0.0,0.0,0.0703144134408714,0.388225268657602,0.0,0.8220162089392515,0.0,0.0,0
0.0,0.0,0.5160181613074708,0.5017629939357017,0.23958052304651783,0.08267438386145921,0.0,0.622407787640521,0.15291029472191764,0.08338022547290036,1
0.17852102838649717,0.1856202175050504,0.6512918960132136,0.44330982380375944,0.13229403217031388,0.0,0.17232652579701346,0.5155312804696234,0.0,0.0,1
0.2553593039521201,0.0,0.23290455855363296,0.0,0.5677064311811787,0.0,0.08216619647507559,0.7374241014411809,0.0,0.08781179451555451,1
0.16228179341440607,0.16873520202603826,0.44403515601171395,0.0,0.2405197078759996,0.16599695503065176,0.15665077616889017,0.781059627465933,0.0,0.16741417222370036,0
0.0,0.0,0.16826953852703036,0.0,0.0,0.1887163480755775,0.0,0.0,0.17452003302157554,0.9516376728813681,0
0.0,0.0,0.0,0.0,0.9837768667574761,0.0,0.0,0.0,0.179396422575377,0.0,1
0.0,0.0,0.0,0.0,0.0,0.0,0.0,0.0,0.0,0.0,0
0.1040891859545458,0.2886092469357195,0.03164540516016867,0.12923900086852916,0.23140766507528174,0.14196283765857573,0.1004773944599509,0.8683645636613103,0.19692538062009168,0.10738114570572749,1
0.0,0.0,0.0,0.0,0.6166955721236625,0.0,0.0,0.0,0.7872017348323544,0.0,0
0.0,0.0,0.0,0.0,0.0,0.0,0.0,0.0,0.0,0.0,0
0.10833959020604769,0.11264789633026596,0.09881286501138092,0.0,0.7225710733027249,0.0,0.6274818834023411,0.0,0.0,0.22353194935532777,1
0.0,0.0,0.0,0.0,0.32918736632292966,0.2271917795290934,0.0,0.0,0.0,0.9165258169674093,1
0.0,0.7396910980707598,0.0,0.0,0.0,0.0,0.0,0.0,0.6729465650665539,0.0,0
0.0,0.0,0.0,0.0,0.0,1.0,0.0,0.0,0.0,0.0,0
0.0,0.0,0.0,0.0,0.0,0.0,0.0,0.0,0.0,0.0,0
0.1076574719543684,0.22387730499680691,0.24547682023398737,0.0,0.4387910294242246,0.275305259985137,0.05196093223768634,0.0,0.05091904708157863,0.777435984666398,1
0.20401033072589808,0.10606157242337153,0.0,0.0,0.8315066423846207,0.4173615903888455,0.0,0.0,0.1929826410890177,0.21046243035004342,0
0.0,0.4989877497916487,0.0,0.0,0.7112705966065664,0.0,0.0,0.0,0.0,0.49508116906301947,1
0.5397519355742969,0.8418241194238854,0.0,0.0,0.0,0.0,0.0,0.0,0.0,0.0,0
0.0,0.1342073223520553,0.8240710498279086,0.0,0.09565136847364922,0.0,0.0,0.0,0.366292186640412,0.3994698351289168,0
0.0,0.6190363269211381,0.2715041958256473,0.0,0.44119553812110884,0.3044952804406841,0.0,0.2865461842504518,0.28158941681162813,0.3070949422631736,1
0.0,0.14658523820736102,0.0,0.0,0.5223663801215541,0.0,0.8165228499222569,0.0,0.13335841515246918,0.1454376207219187,1
0.2269353728587203,0.0,0.20698005523141047,0.0,0.5045152796099036,0.0,0.6571828216314107,0.0,0.0,0.46822501521660925,1
0.0,0.0,0.16508038508213152,0.6741839430724169,0.13412818374328572,0.0,0.3494313921309372,0.34845247452644756,0.3424248323010652,0.3734406473639534,1
0.10142291181558002,0.10545616458384387,0.0,0.12592850705880707,0.0,0.0,0.09790363738862344,0.9762936439443469,0.0,0.0,0
0.1956377301485367,0.20341759371756146,0.0,0.24290731592064677,0.1449784622009007,0.20011651837514471,0.18884929498793412,0.7532809659695666,0.1850626177918959,0.40365007015794335,1
0.0,0.0,0.6877972336774767,0.0,0.0,0.0,0.0,0.7259028621968716,0.0,0.0,1
0.0,0.7550533050266612,0.0,0.0,0.5381366726541041,0.0,0.0,0.0,0.0,0.37457099208706096,0
0.0,0.0,0.5923720736532397,0.6048079851867776,0.4813036406464809,0.0,0.0,0.0,0.15359404138143484,0.1675061293285488,1
0.1842482900280484,0.19157523334392107,0.2520699225900757,0.11438299135780701,0.5461530090567103,0.28269950501618046,0.08892752857056599,0.6207488124199971,0.0,0.2851130830176642,1
0.7402405011758223,0.0,0.09644974998063398,0.0,0.07836563854003703,0.43267830288187026,0.20415854003275988,0.0,0.4001297846036235,0.21818617065219126,0
0.20425620286927124,0.21237879450966426,0.18629515363195345,0.0,0.30273046170080636,0.0,0.5915061457647386,0.0,0.19321522272069064,0.632148235586599,1
0.06350798959457263,0.0,0.2896174146042868,0.157705318705359,0.0,0.12992379084567754,0.12260865071303122,0.9169887573372821,0.12015018571467517,0.0,0
0.0,0.0,0.1181506927951661,0.9650486325889345,0.19199540665890868,0.0,0.0,0.0,0.0,0.13363874569947998,0
0.257407978476669,0.1338221199603749,0.35215962763510217,0.3196023645380398,0.47688414767253867,0.26330088994400697,0.0,0.37167012185218745,0.4869878044612824,0.13277442507183343,1
0.0,0.37649317648951375,0.1321014262604348,0.0,0.0,0.0,0.13981184153919973,0.9062310688793518,0.0,0.0,0
0.4505817501013786,0.0,0.20548016456718116,0.0,0.66781238134271,0.0,0.21747350517834485,0.0,0.21311287485216887,0.46483200071433345,1
0.0,0.0,0.18739102588487527,0.8503333469569675,0.304511259035704,0.14010755353857043,0.0,0.13184862764716634,0.2591357359281991,0.21195560569424007,1
0.07913257521391245,0.0,0.21652241228928312,0.19650485039369536,0.17592494641702855,0.1618883579342722,0.8402542869015543,0.38086379510957286,0.0,0.0,1
0.0,0.849441989353493,0.0,0.20286905364797678,0.1210817521677442,0.0,0.0,0.47183859855584487,0.0,0.0,0
0.4854732130157754,0.0,0.0,0.0,0.7195254188373524,0.49658728446374084,0.0,0.0,0.0,0.0,0
